Time,Discharge
12:20:00..246,61.4
12:20:00..263,61.46
12:20:00..280,61.51
12:20:00..296,61.57
12:20:00..313,61.64
12:20:00..373,61.73
12:20:00..468,61.85
12:20:00..563,61.97
12:20:00..661,62.13
12:20:00..807,62.26
12:20:00..862,62.38
12:20:00..966,62.5
12:20:01..061,62.59
12:20:01..172,62.7
12:20:01..270,62.8
12:20:01..364,62.89
12:20:01..459,62.95
12:20:01..574,62.98
12:20:01..669,62.95
12:20:01..767,62.92
12:20:01..858,62.85
12:20:01..969,62.74
12:20:02..068,62.56
12:20:02..156,62.32
12:20:02..249,62.04
12:20:02..361,61.75
12:20:02..459,61.45
12:20:02..554,61.17
12:20:02..650,60.92
12:20:02..760,60.72
12:20:02..858,60.53
12:20:02..953,60.39
12:20:03..050,60.35
12:20:03..160,60.36
12:20:03..257,60.43
12:20:03..354,60.52
12:20:03..450,60.6
12:20:03..560,60.7
12:20:03..657,60.8
12:20:03..752,60.89
12:20:03..849,60.99
12:20:03..961,61.08
12:20:04..057,61.16
12:20:04..154,61.24
12:20:04..250,61.31
12:20:04..362,61.37
12:20:04..457,61.45
12:20:04..553,61.51
12:20:04..650,61.57
12:20:04..760,61.62
12:20:04..859,61.71
12:20:04..955,61.79
12:20:05..050,61.87
12:20:05..161,61.94
12:20:05..257,61.98
12:20:05..353,62.06
12:20:05..450,62.13
12:20:05..560,62.22
12:20:05..657,62.33
12:20:05..754,62.42
12:20:05..850,62.48
12:20:05..961,62.53
12:20:06..058,62.54
12:20:06..153,62.53
12:20:06..251,62.47
12:20:06..361,62.38
12:20:06..457,62.27
12:20:06..554,62.15
12:20:06..650,61.98
12:20:06..761,61.81
12:20:06..859,61.65
12:20:06..952,61.54
12:20:07..048,61.46
12:20:07..161,61.41
12:20:07..257,61.42
12:20:07..353,61.45
12:20:07..449,61.48
12:20:07..561,61.52
12:20:07..656,61.57
12:20:07..752,61.63
12:20:07..850,61.67
12:20:07..961,61.7
12:20:08..058,61.7
12:20:08..154,61.68
12:20:08..249,61.64
12:20:08..358,61.59
12:20:08..457,61.57
12:20:08..553,61.56
12:20:08..649,61.61
12:20:08..761,61.7
12:20:08..857,61.82
12:20:08..952,61.95
12:20:09..049,62.11
12:20:09..161,62.31
12:20:09..258,62.51
12:20:09..354,62.74
12:20:09..447,62.92
12:20:09..559,63.07
12:20:09..654,63.15
12:20:09..752,63.18
12:20:09..847,63.18
12:20:09..959,63.15
12:20:10..056,63.06
12:20:10..150,62.94
12:20:10..248,62.79
12:20:10..358,62.58
12:20:10..454,62.38
12:20:10..550,62.16
12:20:10..647,61.95
12:20:10..760,61.77
12:20:10..856,61.62
12:20:10..952,61.48
12:20:11..046,61.38
12:20:11..160,61.29
12:20:11..254,61.21
12:20:11..352,61.15
12:20:11..446,61.09
12:20:11..561,61.06
12:20:11..657,61.04
12:20:11..753,61.04
12:20:11..850,61.06
12:20:11..963,61.1
12:20:12..081,61.15
12:20:12..153,61.25
12:20:12..249,61.38
12:20:12..360,61.52
12:20:12..458,61.69
12:20:12..554,61.89
12:20:12..650,62.08
12:20:12..761,62.23
12:20:12..858,62.32
12:20:12..952,62.36
12:20:13..050,62.38
12:20:13..161,62.31
12:20:13..259,62.19
12:20:13..354,62.04
12:20:13..451,61.85
12:20:13..560,61.64
12:20:13..657,61.44
12:20:13..753,61.29
12:20:13..851,61.2
12:20:13..962,61.16
12:20:14..058,61.16
12:20:14..154,61.25
12:20:14..249,61.4
12:20:14..362,61.6
12:20:14..457,61.87
12:20:14..554,62.15
12:20:14..651,62.42
12:20:14..761,62.65
12:20:14..858,62.85
12:20:14..955,62.99
12:20:15..049,63.07
12:20:15..163,63.09
12:20:15..258,63.09
12:20:15..353,63.03
12:20:15..450,62.9
12:20:15..563,62.75
12:20:15..657,62.54
12:20:15..753,62.3
12:20:15..850,62.08
12:20:15..963,61.89
12:20:16..058,61.76
12:20:16..152,61.66
12:20:16..250,61.56
12:20:16..362,61.51
12:20:16..457,61.5
12:20:16..553,61.5
12:20:16..649,61.57
12:20:16..763,61.63
12:20:16..858,61.67
12:20:16..955,61.71
12:20:17..076,61.74
12:20:17..162,61.79
12:20:17..258,61.86
12:20:17..354,61.96
12:20:17..449,62.07
12:20:17..561,62.19
12:20:17..676,62.32
12:20:17..754,62.48
12:20:17..851,62.66
12:20:17..961,62.82
12:20:18..058,62.93
12:20:18..154,63.01
12:20:18..251,63.06
12:20:18..361,63.06
12:20:18..457,63.03
12:20:18..553,62.99
12:20:18..651,62.94
12:20:18..761,62.9
12:20:18..858,62.86
12:20:18..953,62.85
12:20:19..051,62.9
12:20:19..160,62.97
12:20:19..256,63.04
12:20:19..353,63.11
12:20:19..449,63.18
12:20:19..561,63.27
12:20:19..657,63.37
12:20:19..753,63.42
12:20:19..851,63.46
12:20:19..962,63.46
12:20:20..057,63.41
12:20:20..154,63.34
12:20:20..250,63.26
12:20:20..363,63.19
12:20:20..457,63.09
12:20:20..553,62.96
12:20:20..649,62.8
12:20:20..762,62.64
12:20:20..858,62.47
12:20:20..955,62.3
12:20:21..051,62.14
12:20:21..163,61.98
12:20:21..258,61.84
12:20:21..355,61.71
12:20:21..451,61.62
12:20:21..561,61.55
12:20:21..657,61.52
12:20:21..753,61.47
12:20:21..851,61.48
12:20:21..961,61.51
12:20:22..057,61.58
12:20:22..154,61.67
12:20:22..251,61.77
12:20:22..362,61.85
12:20:22..458,61.92
12:20:22..554,62.02
12:20:22..652,62.14
12:20:22..763,62.27
12:20:22..858,62.37
12:20:22..955,62.43
12:20:23..049,62.47
12:20:23..161,62.47
12:20:23..292,62.46
12:20:23..355,62.47
12:20:23..449,62.46
12:20:23..562,62.45
12:20:23..658,62.41
12:20:23..754,62.37
12:20:23..849,62.36
12:20:23..963,62.38
12:20:24..058,62.42
12:20:24..155,62.48
12:20:24..250,62.52
12:20:24..361,62.57
12:20:24..457,62.63
12:20:24..555,62.69
12:20:24..649,62.75
12:20:24..762,62.81
12:20:24..858,62.82
12:20:24..955,62.8
12:20:25..050,62.76
12:20:25..163,62.65
12:20:25..257,62.52
12:20:25..354,62.33
12:20:25..450,62.09
12:20:25..562,61.83
12:20:25..660,61.54
12:20:25..754,61.23
12:20:25..851,60.96
12:20:25..962,60.7
12:20:26..059,60.49
12:20:26..153,60.33
12:20:26..250,60.21
12:20:26..362,60.15
12:20:26..457,60.15
12:20:26..553,60.18
12:20:26..649,60.26
12:20:26..761,60.39
12:20:26..859,60.57
12:20:26..955,60.79
12:20:27..050,59.63
12:20:27..161,58.52
12:20:27..258,57.45
12:20:27..355,56.44
12:20:27..450,55.47
12:20:27..563,54.54
12:20:27..659,53.6
12:20:27..753,52.66
12:20:27..851,51.7
12:20:27..962,50.74
12:20:28..058,51.18
12:20:28..153,51.6
12:20:28..249,51.99
12:20:28..361,52.32
12:20:28..457,52.6
12:20:28..554,52.85
12:20:28..651,53.07
12:20:28..762,53.24
12:20:28..871,53.35
12:20:28..954,53.4
12:20:29..049,53.39
12:20:29..163,53.35
12:20:29..258,53.28
12:20:29..355,53.2
12:20:29..450,53.14
12:20:29..561,53.12
12:20:29..659,53.16
12:20:29..753,53.22
12:20:29..851,53.33
12:20:29..961,53.47
12:20:30..058,53.68
12:20:30..154,53.88
12:20:30..250,54.11
12:20:30..362,54.4
12:20:30..458,54.66
12:20:30..555,54.91
12:20:30..650,55.13
12:20:30..761,55.33
12:20:30..858,55.51
12:20:30..953,55.69
12:20:31..050,55.86
12:20:31..162,56.05
12:20:31..258,56.24
12:20:31..354,56.36
12:20:31..451,56.46
12:20:31..561,56.52
12:20:31..658,56.57
12:20:31..754,56.65
12:20:31..850,56.8
12:20:31..961,56.97
12:20:32..058,57.15
12:20:32..153,57.3
12:20:32..252,57.44
12:20:32..361,57.62
12:20:32..458,57.81
12:20:32..554,58.03
12:20:32..652,58.26
12:20:32..761,58.49
12:20:32..858,58.68
12:20:32..954,58.87
12:20:33..052,59.07
12:20:33..163,59.28
12:20:33..260,59.49
12:20:33..354,59.68
12:20:33..452,59.81
12:20:33..561,59.92
12:20:33..658,60.01
12:20:33..754,60.03
12:20:33..850,60.02
12:20:33..963,59.97
12:20:34..059,59.87
12:20:34..154,59.73
12:20:34..252,59.54
12:20:34..359,59.34
12:20:34..481,59.15
12:20:34..555,58.98
12:20:34..651,58.82
12:20:34..762,58.7
12:20:34..858,58.64
12:20:34..954,58.6
12:20:35..052,58.61
12:20:35..162,58.67
12:20:35..258,58.76
12:20:35..354,58.87
12:20:35..451,58.99
12:20:35..562,59.11
12:20:35..658,59.22
12:20:35..754,59.31
12:20:35..852,59.4
12:20:35..961,59.49
12:20:36..058,59.58
12:20:36..155,59.69
12:20:36..247,59.8
12:20:36..361,59.9
12:20:36..458,59.97
12:20:36..554,60.07
12:20:36..650,60.18
12:20:36..761,60.3
12:20:36..858,60.46
12:20:36..955,60.61
12:20:37..048,60.75
12:20:37..162,60.85
12:20:37..259,60.94
12:20:37..355,61.06
12:20:37..452,61.2
12:20:37..562,61.34
12:20:37..659,61.5
12:20:37..754,61.69
12:20:37..851,61.86
12:20:37..962,62.05
12:20:38..058,62.23
12:20:38..154,62.45
12:20:38..252,62.65
12:20:38..362,62.83
12:20:38..460,62.98
12:20:38..554,63.06
12:20:38..651,63.08
12:20:38..762,63.01
12:20:38..859,62.87
12:20:38..954,62.66
12:20:39..050,62.39
12:20:39..162,62.07
12:20:39..258,61.75
12:20:39..354,61.41
12:20:39..450,61.12
12:20:39..562,60.86
12:20:39..658,60.64
12:20:39..755,60.48
12:20:39..850,60.37
12:20:39..961,60.26
12:20:40..058,60.17
12:20:40..154,60.11
12:20:40..250,60.07
12:20:40..363,60.06
12:20:40..459,60.04
12:20:40..555,58.63
12:20:40..651,57.23
12:20:40..764,55.86
12:20:40..859,54.53
12:20:40..955,53.28
12:20:41..052,52.1
12:20:41..162,50.96
12:20:41..259,49.88
12:20:41..355,48.86
12:20:41..451,47.92
12:20:41..563,48.44
12:20:41..659,48.99
12:20:41..756,49.55
12:20:41..852,50.13
12:20:41..962,50.7
12:20:42..058,51.26
12:20:42..155,51.83
12:20:42..252,52.38
12:20:42..364,52.93
12:20:42..458,53.48
12:20:42..557,54.01
12:20:42..650,54.51
12:20:42..762,54.99
12:20:42..859,55.41
12:20:42..955,55.8
12:20:43..052,56.14
12:20:43..162,56.41
12:20:43..260,56.63
12:20:43..355,56.77
12:20:43..451,56.83
12:20:43..563,56.85
12:20:43..658,56.82
12:20:43..755,56.76
12:20:43..851,56.69
12:20:43..962,56.61
12:20:44..059,56.57
12:20:44..156,56.54
12:20:44..252,56.52
12:20:44..362,56.52
12:20:44..458,56.53
12:20:44..554,56.55
12:20:44..650,56.58
12:20:44..762,56.63
12:20:44..860,56.69
12:20:44..954,56.78
12:20:45..052,56.9
12:20:45..163,57.03
12:20:45..258,57.2
12:20:45..355,57.4
12:20:45..450,57.61
12:20:45..562,57.84
12:20:45..659,58.06
12:20:45..755,58.27
12:20:45..852,58.48
12:20:45..963,58.66
12:20:46..059,58.83
12:20:46..156,59.01
12:20:46..250,59.16
12:20:46..364,59.29
12:20:46..458,59.42
12:20:46..555,59.54
12:20:46..651,59.64
12:20:46..763,59.73
12:20:46..860,59.84
12:20:46..955,59.94
12:20:47..050,60.04
12:20:47..165,60.12
12:20:47..258,60.18
12:20:47..356,60.23
12:20:47..451,60.26
12:20:47..563,60.27
12:20:47..658,60.24
12:20:47..755,60.2
12:20:47..851,58.75
12:20:47..963,57.28
12:20:48..060,55.82
12:20:48..156,54.38
12:20:48..250,52.97
12:20:48..361,51.58
12:20:48..458,50.26
12:20:48..555,48.99
12:20:48..652,47.81
12:20:48..763,46.7
12:20:48..860,47.02
12:20:48..957,47.38
12:20:49..051,47.77
12:20:49..163,48.17
12:20:49..259,48.57
12:20:49..356,48.98
12:20:49..452,49.37
12:20:49..563,49.75
12:20:49..660,50.13
12:20:49..755,50.5
12:20:49..851,50.85
12:20:49..963,51.19
12:20:50..060,51.49
12:20:50..156,51.79
12:20:50..252,52.08
12:20:50..364,52.38
12:20:50..458,52.67
12:20:50..555,52.95
12:20:50..652,53.21
12:20:50..763,53.46
12:20:50..859,53.69
12:20:50..955,53.91
12:20:51..050,54.16
12:20:51..163,54.38
12:20:51..258,53.22
12:20:51..355,52.07
12:20:51..451,50.95
12:20:51..564,49.88
12:20:51..659,48.86
12:20:51..755,47.85
12:20:51..851,46.87
12:20:51..962,45.92
12:20:52..058,44.98
12:20:52..156,44.05
12:20:52..251,44.51
12:20:52..363,44.93
12:20:52..458,45.3
12:20:52..555,45.58
12:20:52..650,45.8
12:20:52..764,45.99
12:20:52..859,46.17
12:20:52..955,46.33
12:20:53..052,46.48
12:20:53..164,46.63
12:20:53..259,46.79
12:20:53..357,46.98
12:20:53..450,47.2
12:20:53..564,47.48
12:20:53..659,47.78
12:20:53..756,48.13
12:20:53..851,48.5
12:20:53..963,48.87
12:20:54..059,49.23
12:20:54..155,49.57
12:20:54..252,49.87
12:20:54..365,50.14
12:20:54..458,50.38
12:20:54..555,50.6
12:20:54..653,50.8
12:20:54..763,50.95
12:20:54..860,51.1
12:20:54..957,51.24
12:20:55..051,51.37
12:20:55..164,51.51
12:20:55..259,51.66
12:20:55..355,51.81
12:20:55..451,52.01
12:20:55..563,52.19
12:20:55..659,52.41
12:20:55..754,52.64
12:20:55..851,52.85
12:20:55..963,53.08
12:20:56..060,53.31
12:20:56..155,53.57
12:20:56..250,53.83
12:20:56..362,54.09
12:20:56..458,54.32
12:20:56..557,54.54
12:20:56..652,54.75
12:20:56..763,54.94
12:20:56..859,55.14
12:20:56..957,55.3
12:20:57..051,55.43
12:20:57..164,55.51
12:20:57..258,55.56
12:20:57..356,55.59
12:20:57..451,55.61
12:20:57..564,55.62
12:20:57..658,55.61
12:20:57..756,55.54
12:20:57..852,55.45
12:20:57..965,55.31
12:20:58..061,55.19
12:20:58..155,55.07
12:20:58..251,54.96
12:20:58..365,54.86
12:20:58..459,54.77
12:20:58..555,54.7
12:20:58..653,54.64
12:20:58..763,54.6
12:20:58..859,54.59
12:20:58..956,54.62
12:20:59..051,54.64
12:20:59..162,54.68
12:20:59..259,54.75
12:20:59..356,54.86
12:20:59..451,54.95
12:20:59..564,55.03
12:20:59..659,55.1
12:20:59..756,55.15
12:20:59..851,55.18
12:20:59..967,55.18
12:21:00..061,55.19
12:21:00..155,55.16
12:21:00..251,55.1
12:21:00..363,55
12:21:00..459,54.89
12:21:00..556,54.76
12:21:00..651,54.65
12:21:00..764,54.56
12:21:00..865,54.52
12:21:00..957,54.54
12:21:01..051,54.59
12:21:01..163,54.68
12:21:01..260,54.77
12:21:01..356,54.86
12:21:01..454,54.97
12:21:01..564,55.06
12:21:01..661,55.16
12:21:01..756,55.21
12:21:01..851,55.2
12:21:01..964,55.09
12:21:02..059,54.94
12:21:02..157,54.72
12:21:02..251,54.49
12:21:02..363,54.24
12:21:02..459,53.98
12:21:02..557,53.74
12:21:02..651,53.49
12:21:02..760,53.28
12:21:02..858,53.13
12:21:02..957,53.03
12:21:03..052,52.97
12:21:03..165,52.94
12:21:03..259,52.9
12:21:03..357,52.86
12:21:03..451,52.83
12:21:03..564,52.82
12:21:03..659,52.8
12:21:03..756,52.82
12:21:03..851,52.83
12:21:03..965,52.87
12:21:04..059,52.92
12:21:04..156,53
12:21:04..251,53.14
12:21:04..365,53.32
12:21:04..459,53.55
12:21:04..557,53.8
12:21:04..651,54.08
12:21:04..764,54.36
12:21:04..860,54.65
12:21:04..955,54.96
12:21:05..052,55.24
12:21:05..163,55.46
12:21:05..259,55.64
12:21:05..356,55.78
12:21:05..451,55.86
12:21:05..565,55.89
12:21:05..660,55.88
12:21:05..757,55.85
12:21:05..853,55.82
12:21:05..963,55.8
12:21:06..060,55.8
12:21:06..155,55.88
12:21:06..253,56
12:21:06..365,56.15
12:21:06..488,56.36
12:21:06..555,56.67
12:21:06..652,57
12:21:06..763,57.34
12:21:06..861,57.64
12:21:06..956,57.9
12:21:07..052,58.08
12:21:07..163,58.21
12:21:07..260,58.29
12:21:07..357,58.32
12:21:07..451,58.34
12:21:07..564,58.28
12:21:07..660,58.23
12:21:07..755,58.2
12:21:07..852,58.21
12:21:07..965,58.28
12:21:08..060,58.42
12:21:08..155,58.62
12:21:08..251,58.91
12:21:08..365,59.19
12:21:08..461,59.46
12:21:08..555,59.73
12:21:08..652,59.96
12:21:08..764,60.19
12:21:08..860,60.39
12:21:08..955,60.57
12:21:09..053,60.74
12:21:09..163,60.91
12:21:09..259,61.03
12:21:09..357,61.14
12:21:09..451,61.24
12:21:09..563,61.33
12:21:09..659,61.43
12:21:09..755,61.5
12:21:09..851,61.57
12:21:09..964,61.62
12:21:10..060,61.64
12:21:10..155,61.62
12:21:10..251,61.61
12:21:10..365,61.58
12:21:10..460,61.55
12:21:10..556,61.54
12:21:10..654,61.53
12:21:10..763,61.53
12:21:10..859,61.53
12:21:10..956,61.56
12:21:11..053,61.62
12:21:11..162,61.67
12:21:11..260,61.72
12:21:11..355,61.79
12:21:11..453,61.83
12:21:11..564,61.87
12:21:11..659,61.92
12:21:11..753,61.99
12:21:11..851,62.04
12:21:11..960,62.05
12:21:12..070,62.06
12:21:12..155,62.08
12:21:12..251,62.11
12:21:12..363,62.15
12:21:12..459,62.21
12:21:12..556,62.28
12:21:12..648,62.34
12:21:12..760,62.38
12:21:12..856,62.42
12:21:12..952,62.44
12:21:13..049,62.42
12:21:13..162,62.39
12:21:13..256,62.38
12:21:13..355,62.38
12:21:13..448,62.4
12:21:13..560,62.44
12:21:13..661,62.46
12:21:13..755,62.49
12:21:13..853,62.51
12:21:13..964,62.52
12:21:14..060,62.55
12:21:14..157,62.55
12:21:14..252,62.53
12:21:14..360,62.46
12:21:14..460,62.37
12:21:14..557,62.22
12:21:14..653,62.05
12:21:14..764,61.88
12:21:14..859,61.72
12:21:14..956,61.63
12:21:15..052,61.63
12:21:15..164,61.65
12:21:15..260,61.7
12:21:15..356,61.77
12:21:15..452,61.86
12:21:15..564,61.99
12:21:15..661,62.18
12:21:15..755,62.37
12:21:15..852,62.56
12:21:15..964,62.69
12:21:16..062,62.72
12:21:16..156,62.75
12:21:16..252,62.77
12:21:16..361,62.79
12:21:16..460,62.82
12:21:16..555,62.88
12:21:16..653,62.9
12:21:16..764,62.93
12:21:16..860,62.96
12:21:16..957,63.01
12:21:17..053,63.06
12:21:17..165,63.1
12:21:17..260,63.14
12:21:17..357,63.19
12:21:17..453,63.22
12:21:17..565,63.26
12:21:17..685,63.32
12:21:17..755,63.41
12:21:17..853,63.54
12:21:17..963,63.68
12:21:18..060,63.83
12:21:18..156,64.02
12:21:18..254,64.17
12:21:18..365,64.33
12:21:18..460,64.46
12:21:18..557,64.58
12:21:18..655,64.67
12:21:18..763,64.73
12:21:18..860,64.75
12:21:18..957,64.72
12:21:19..053,64.66
12:21:19..165,64.58
12:21:19..260,64.51
12:21:19..356,64.4
12:21:19..452,64.3
12:21:19..564,64.18
12:21:19..662,64.05
12:21:19..756,63.9
12:21:19..853,63.77
12:21:19..965,63.68
12:21:20..060,63.59
12:21:20..156,63.52
12:21:20..253,63.5
12:21:20..361,63.51
12:21:20..462,63.52
12:21:20..556,63.54
12:21:20..653,63.6
12:21:20..765,63.68
12:21:20..861,63.77
12:21:20..955,63.89
12:21:21..054,64.06
12:21:21..164,64.24
12:21:21..260,64.39
12:21:21..359,64.49
12:21:21..454,64.58
12:21:21..565,64.66
12:21:21..661,64.75
12:21:21..757,64.83
12:21:21..853,64.87
12:21:21..964,64.89
12:21:22..060,64.87
12:21:22..158,64.83
12:21:22..252,64.76
12:21:22..364,64.76
12:21:22..460,64.77
12:21:22..556,64.82
12:21:22..652,64.86
12:21:22..764,64.88
12:21:22..860,64.9
12:21:22..955,64.9
12:21:23..052,64.91
12:21:23..164,64.9
12:21:23..260,64.9
12:21:23..356,64.86
12:21:23..452,64.78
12:21:23..564,64.66
12:21:23..661,64.56
12:21:23..755,64.49
12:21:23..853,64.43
12:21:23..965,64.4
12:21:24..060,64.4
12:21:24..156,64.39
12:21:24..254,64.4
12:21:24..365,64.4
12:21:24..460,64.4
12:21:24..556,64.38
12:21:24..654,64.33
12:21:24..764,64.23
12:21:24..861,64.09
12:21:24..956,63.95
12:21:25..053,63.79
12:21:25..164,63.68
12:21:25..260,63.58
12:21:25..356,63.5
12:21:25..448,63.45
12:21:25..563,63.42
12:21:25..661,63.44
12:21:25..756,63.51
12:21:25..854,62.23
12:21:25..964,60.99
12:21:26..062,59.77
12:21:26..155,58.56
12:21:26..254,57.38
12:21:26..364,56.26
12:21:26..460,55.19
12:21:26..556,54.18
12:21:26..654,53.18
12:21:26..764,52.21
12:21:26..860,52.64
12:21:26..957,53.05
12:21:27..053,53.45
12:21:27..164,53.85
12:21:27..260,54.2
12:21:27..357,54.5
12:21:27..453,54.74
12:21:27..565,54.92
12:21:27..662,55.04
12:21:27..755,55.11
12:21:27..854,55.19
12:21:27..964,55.28
12:21:28..060,55.4
12:21:28..157,55.53
12:21:28..253,55.73
12:21:28..365,55.98
12:21:28..461,56.26
12:21:28..556,56.57
12:21:28..654,56.94
12:21:28..764,57.31
12:21:28..879,57.66
12:21:28..956,57.96
12:21:29..054,58.23
12:21:29..164,58.53
12:21:29..261,58.77
12:21:29..356,58.98
12:21:29..453,59.15
12:21:29..564,59.33
12:21:29..660,59.47
12:21:29..756,59.66
12:21:29..854,59.86
12:21:29..965,60.08
12:21:30..061,60.26
12:21:30..159,60.39
12:21:30..253,60.52
12:21:30..365,60.61
12:21:30..460,60.71
12:21:30..556,60.77
12:21:30..654,60.81
12:21:30..765,60.81
12:21:30..862,60.77
12:21:30..956,60.72
12:21:31..053,60.66
12:21:31..164,60.62
12:21:31..260,60.59
12:21:31..357,60.58
12:21:31..453,60.58
12:21:31..565,60.59
12:21:31..661,60.64
12:21:31..756,60.69
12:21:31..854,60.77
12:21:31..964,60.88
12:21:32..061,61
12:21:32..155,61.1
12:21:32..253,61.25
12:21:32..365,61.44
12:21:32..462,61.63
12:21:32..556,61.84
12:21:32..654,62.03
12:21:32..764,62.23
12:21:32..860,62.37
12:21:32..956,62.5
12:21:33..050,62.63
12:21:33..164,62.75
12:21:33..261,62.78
12:21:33..356,62.75
12:21:33..453,62.71
12:21:33..566,62.63
12:21:33..661,62.58
12:21:33..756,62.57
12:21:33..852,62.62
12:21:33..964,62.68
12:21:34..062,62.74
12:21:34..156,62.8
12:21:34..251,62.88
12:21:34..365,62.97
12:21:34..462,63.05
12:21:34..557,63.09
12:21:34..654,63.05
12:21:34..765,62.95
12:21:34..860,62.77
12:21:34..956,62.57
12:21:35..055,62.39
12:21:35..165,62.22
12:21:35..262,62.08
12:21:35..357,61.95
12:21:35..453,61.81
12:21:35..564,61.73
12:21:35..660,61.68
12:21:35..757,61.66
12:21:35..854,61.7
12:21:35..965,61.76
12:21:36..060,61.82
12:21:36..157,61.85
12:21:36..253,61.91
12:21:36..366,61.98
12:21:36..460,62.1
12:21:36..557,62.23
12:21:36..653,62.41
12:21:36..765,62.59
12:21:36..856,62.77
12:21:36..953,62.93
12:21:37..052,63.06
12:21:37..164,63.17
12:21:37..261,63.23
12:21:37..356,63.25
12:21:37..452,63.22
12:21:37..565,63.16
12:21:37..661,63.05
12:21:37..756,62.92
12:21:37..854,62.76
12:21:37..966,62.6
12:21:38..061,62.46
12:21:38..159,62.36
12:21:38..254,62.31
12:21:38..364,62.31
12:21:38..461,62.34
12:21:38..557,62.38
12:21:38..655,62.44
12:21:38..764,62.5
12:21:38..874,62.55
12:21:38..970,62.61
12:21:39..054,62.64
12:21:39..164,62.66
12:21:39..261,62.64
12:21:39..357,62.57
12:21:39..455,62.47
12:21:39..566,62.38
12:21:39..660,62.32
12:21:39..756,62.31
12:21:39..850,62.36
12:21:39..964,62.46
12:21:40..060,62.58
12:21:40..157,62.73
12:21:40..253,62.87
12:21:40..365,63.01
12:21:40..461,63.19
12:21:40..558,63.36
12:21:40..653,63.5
12:21:40..761,63.58
12:21:40..861,63.63
12:21:40..958,63.64
12:21:41..054,63.63
12:21:41..165,63.59
12:21:41..261,63.53
12:21:41..358,63.46
12:21:41..453,63.4
12:21:41..564,63.33
12:21:41..661,63.29
12:21:41..754,63.27
12:21:41..851,63.22
12:21:41..967,63.16
12:21:42..061,63.08
12:21:42..158,62.99
12:21:42..253,62.88
12:21:42..365,62.76
12:21:42..460,62.64
12:21:42..558,62.48
12:21:42..654,62.27
12:21:42..764,62.06
12:21:42..861,61.87
12:21:42..958,61.7
12:21:43..053,61.6
12:21:43..164,60.2
12:21:43..262,58.87
12:21:43..357,57.59
12:21:43..453,56.34
12:21:43..567,55.15
12:21:43..662,54.04
12:21:43..758,52.96
12:21:43..855,51.92
12:21:43..964,50.92
12:21:44..061,49.92
12:21:44..159,50.3
12:21:44..253,50.68
12:21:44..365,51.07
12:21:44..461,51.48
12:21:44..583,51.9
12:21:44..650,52.3
12:21:44..766,52.69
12:21:44..861,53.06
12:21:44..957,53.42
12:21:45..052,53.75
12:21:45..164,54.03
12:21:45..262,54.3
12:21:45..358,54.54
12:21:45..454,54.76
12:21:45..570,54.97
12:21:45..660,55.15
12:21:45..757,55.32
12:21:45..854,55.46
12:21:45..966,55.58
12:21:46..061,55.68
12:21:46..158,55.76
12:21:46..254,55.83
12:21:46..365,55.9
12:21:46..462,55.94
12:21:46..559,55.94
12:21:46..654,55.98
12:21:46..765,56.03
12:21:46..862,56.09
12:21:46..960,56.17
12:21:47..053,56.27
12:21:47..168,56.39
12:21:47..261,56.54
12:21:47..359,56.7
12:21:47..452,56.88
12:21:47..566,57.09
12:21:47..660,57.29
12:21:47..758,57.5
12:21:47..855,57.72
12:21:47..965,57.93
12:21:48..063,58.13
12:21:48..158,58.29
12:21:48..253,58.43
12:21:48..366,58.54
12:21:48..461,58.62
12:21:48..558,58.68
12:21:48..654,58.71
12:21:48..766,58.73
12:21:48..862,58.74
12:21:48..958,58.77
12:21:49..054,58.82
12:21:49..165,58.94
12:21:49..262,59.09
12:21:49..358,59.26
12:21:49..453,59.44
12:21:49..566,59.61
12:21:49..662,59.79
12:21:49..759,59.96
12:21:49..853,60.16
12:21:49..965,60.26
12:21:50..061,60.34
12:21:50..155,60.39
12:21:50..255,60.4
12:21:50..367,60.43
12:21:50..461,60.46
12:21:50..560,60.53
12:21:50..653,60.58
12:21:50..767,60.63
12:21:50..862,60.63
12:21:50..957,60.67
12:21:51..053,60.7
12:21:51..165,60.73
12:21:51..261,60.77
12:21:51..358,60.79
12:21:51..454,60.81
12:21:51..567,60.82
12:21:51..661,60.81
12:21:51..757,60.79
12:21:51..854,60.8
12:21:51..966,60.79
12:21:52..062,60.79
12:21:52..159,60.78
12:21:52..253,60.76
12:21:52..365,60.71
12:21:52..461,60.64
12:21:52..559,60.54
12:21:52..654,60.43
12:21:52..765,60.33
12:21:52..860,60.23
12:21:52..959,60.16
12:21:53..054,60.11
12:21:53..165,60.1
12:21:53..261,60.08
12:21:53..357,60.09
12:21:53..453,60.14
12:21:53..566,60.25
12:21:53..662,60.4
12:21:53..757,60.55
12:21:53..855,60.72
12:21:53..969,60.88
12:21:54..061,61
12:21:54..159,61.07
12:21:54..253,61.14
12:21:54..365,61.2
12:21:54..461,61.24
12:21:54..559,61.22
12:21:54..653,61.19
12:21:54..767,61.17
12:21:54..861,61.13
12:21:54..958,61.13
12:21:55..055,61.14
12:21:55..165,61.18
12:21:55..261,61.22
12:21:55..360,61.26
12:21:55..453,61.3
12:21:55..567,61.35
12:21:55..661,61.41
12:21:55..758,61.47
12:21:55..853,61.57
12:21:55..965,61.68
12:21:56..062,61.77
12:21:56..157,61.88
12:21:56..253,62
12:21:56..367,62.14
12:21:56..461,62.33
12:21:56..557,62.56
12:21:56..655,62.79
12:21:56..767,62.96
12:21:56..861,63.1
12:21:56..958,63.21
12:21:57..054,63.36
12:21:57..168,63.49
12:21:57..261,63.6
12:21:57..358,63.65
12:21:57..456,63.66
12:21:57..566,63.61
12:21:57..663,63.54
12:21:57..758,63.51
12:21:57..854,63.46
12:21:57..963,63.42
12:21:58..061,63.36
12:21:58..159,63.32
12:21:58..253,63.32
12:21:58..366,63.34
12:21:58..461,63.34
12:21:58..557,63.35
12:21:58..655,63.35
12:21:58..767,63.34
12:21:58..863,63.37
12:21:58..958,63.4
12:21:59..055,63.45
12:21:59..165,63.5
12:21:59..261,63.55
12:21:59..359,63.58
12:21:59..453,63.63
12:21:59..567,63.67
12:21:59..662,63.71
12:21:59..759,63.71
12:21:59..854,63.67
12:21:59..965,63.56
12:22:00..062,63.45
12:22:00..158,63.32
12:22:00..253,63.2
12:22:00..365,63.1
12:22:00..462,63.02
12:22:00..557,62.93
12:22:00..654,62.9
12:22:00..765,62.93
12:22:00..862,63.02
12:22:00..958,63.16
12:22:01..049,63.3
12:22:01..165,63.45
12:22:01..265,63.56
12:22:01..359,63.67
12:22:01..454,63.74
12:22:01..565,63.8
12:22:01..662,63.82
12:22:01..757,63.8
12:22:01..855,63.73
12:22:01..967,63.62
12:22:02..062,63.49
12:22:02..159,63.33
12:22:02..254,63.17
12:22:02..365,63.03
12:22:02..462,62.93
12:22:02..557,62.84
12:22:02..654,62.75
12:22:02..766,62.67
12:22:02..862,62.59
12:22:02..959,62.55
12:22:03..054,62.52
12:22:03..165,62.48
12:22:03..262,62.44
12:22:03..358,62.39
12:22:03..453,62.36
12:22:03..565,62.36
12:22:03..662,62.37
12:22:03..757,62.43
12:22:03..855,62.49
12:22:03..966,62.54
12:22:04..062,62.62
12:22:04..157,62.74
12:22:04..254,62.88
12:22:04..366,63.07
12:22:04..461,63.24
12:22:04..559,63.41
12:22:04..654,63.58
12:22:04..765,63.74
12:22:04..864,63.92
12:22:04..958,64.11
12:22:05..056,64.26
12:22:05..165,64.4
12:22:05..262,64.52
12:22:05..358,64.6
12:22:05..453,64.64
12:22:05..566,64.65
12:22:05..657,64.6
12:22:05..757,64.53
12:22:05..855,64.42
12:22:05..965,64.27
12:22:06..062,64.13
12:22:06..158,63.99
12:22:06..253,63.88
12:22:06..367,63.77
12:22:06..461,63.7
12:22:06..558,63.68
12:22:06..655,63.67
12:22:06..765,63.64
12:22:06..862,63.62
12:22:06..958,63.63
12:22:07..054,63.61
12:22:07..166,63.59
12:22:07..262,63.52
12:22:07..359,63.44
12:22:07..454,63.32
12:22:07..565,63.16
12:22:07..662,63.04
12:22:07..759,62.99
12:22:07..854,62.98
12:22:07..966,63
12:22:08..062,63.06
12:22:08..159,63.14
12:22:08..255,63.26
12:22:08..365,63.41
12:22:08..459,63.57
12:22:08..553,63.75
12:22:08..654,63.9
12:22:08..765,64
12:22:08..862,64.06
12:22:08..957,64.08
12:22:09..053,64.05
12:22:09..160,63.99
12:22:09..256,63.91
12:22:09..357,63.81
12:22:09..451,63.69
12:22:09..565,63.58
12:22:09..656,63.48
12:22:09..759,63.43
12:22:09..848,63.45
12:22:09..961,63.49
12:22:10..061,63.58
12:22:10..157,63.68
12:22:10..248,63.77
12:22:10..362,63.85
12:22:10..462,63.94
12:22:10..558,64
12:22:10..655,64.03
12:22:10..767,64
12:22:10..861,63.92
12:22:10..962,63.8
12:22:11..054,63.68
12:22:11..165,63.56
12:22:11..263,63.46
12:22:11..352,63.39
12:22:11..456,63.31
12:22:11..588,63.22
12:22:11..663,63.14
12:22:11..758,63.06
12:22:11..855,62.96
12:22:11..966,62.83
12:22:12..063,62.67
12:22:12..158,62.52
12:22:12..257,62.39
12:22:12..366,62.27
12:22:12..461,62.18
12:22:12..559,62.17
12:22:12..657,62.19
12:22:12..765,62.25
12:22:12..862,62.38
12:22:12..959,62.55
12:22:13..055,62.78
12:22:13..167,63.03
12:22:13..262,63.27
12:22:13..358,63.5
12:22:13..449,63.7
12:22:13..566,63.86
12:22:13..662,63.96
12:22:13..758,64.06
12:22:13..853,64.13
12:22:13..965,64.17
12:22:14..057,64.17
12:22:14..152,64.12
12:22:14..250,64.09
12:22:14..360,64.04
12:22:14..461,64
12:22:14..553,63.97
12:22:14..651,63.98
12:22:14..766,63.98
12:22:14..862,63.97
12:22:14..957,63.95
12:22:15..051,63.95
12:22:15..165,63.96
12:22:15..257,63.93
12:22:15..357,63.95
12:22:15..452,63.95
12:22:15..565,63.94
12:22:15..657,63.93
12:22:15..752,63.92
12:22:15..855,63.91
12:22:15..967,63.92
12:22:16..062,63.91
12:22:16..160,63.86
12:22:16..255,63.77
12:22:16..366,63.62
12:22:16..457,63.47
12:22:16..595,63.32
12:22:16..655,63.18
12:22:16..766,63.04
12:22:16..862,62.92
12:22:16..958,62.81
12:22:17..054,62.73
12:22:17..166,62.71
12:22:17..262,62.73
12:22:17..359,62.78
12:22:17..453,62.84
12:22:17..565,62.94
12:22:17..661,63.02
12:22:17..759,63.11
12:22:17..854,63.21
12:22:17..965,63.28
12:22:18..062,63.35
12:22:18..160,63.41
12:22:18..253,63.46
12:22:18..366,63.48
12:22:18..462,63.5
12:22:18..558,63.52
12:22:18..655,63.55
12:22:18..766,63.55
12:22:18..862,63.57
12:22:18..965,63.58
12:22:19..054,63.6
12:22:19..165,63.63
12:22:19..265,63.66
12:22:19..359,63.71
12:22:19..456,63.78
12:22:19..566,63.84
12:22:19..663,63.89
12:22:19..757,63.95
12:22:19..856,64.01
12:22:19..966,64.07
12:22:20..062,64.13
12:22:20..159,64.15
12:22:20..254,64.17
12:22:20..366,64.16
12:22:20..462,64.11
12:22:20..558,64.02
12:22:20..655,63.87
12:22:20..766,63.67
12:22:20..862,63.44
12:22:20..958,63.22
12:22:21..054,62.98
12:22:21..165,62.79
12:22:21..264,62.67
12:22:21..358,62.58
12:22:21..455,62.5
12:22:21..561,62.47
12:22:21..662,62.5
12:22:21..758,62.56
12:22:21..854,62.64
12:22:21..965,62.72
12:22:22..063,62.82
12:22:22..176,62.92
12:22:22..256,62.98
12:22:22..368,63.08
12:22:22..462,63.18
12:22:22..558,63.29
12:22:22..654,63.42
12:22:22..767,63.59
12:22:22..862,63.76
12:22:22..958,63.91
12:22:23..054,64.06
12:22:23..166,64.19
12:22:23..263,64.28
12:22:23..358,64.32
12:22:23..457,64.35
12:22:23..566,64.38
12:22:23..660,64.41
12:22:23..757,64.46
12:22:23..853,64.54
12:22:23..968,64.67
12:22:24..063,64.82
12:22:24..159,64.99
12:22:24..254,65.18
12:22:24..366,65.38
12:22:24..464,65.58
12:22:24..558,65.75
12:22:24..655,65.9
12:22:24..766,66.01
12:22:24..863,66.05
12:22:24..959,66.04
12:22:25..055,65.96
12:22:25..166,65.86
12:22:25..262,65.7
12:22:25..359,65.51
12:22:25..454,65.34
12:22:25..566,65.17
12:22:25..662,65.01
12:22:25..757,64.87
12:22:25..855,64.77
12:22:25..967,64.7
12:22:26..063,64.65
12:22:26..158,64.62
12:22:26..253,64.62
12:22:26..368,64.61
12:22:26..463,64.62
12:22:26..559,64.62
12:22:26..656,64.6
12:22:26..765,64.58
12:22:26..862,64.56
12:22:26..955,64.56
12:22:27..055,64.6
12:22:27..167,64.66
12:22:27..262,64.72
12:22:27..360,64.8
12:22:27..456,64.86
12:22:27..566,64.93
12:22:27..664,64.96
12:22:27..785,64.95
12:22:27..856,64.9
12:22:27..968,64.78
12:22:28..062,64.61
12:22:28..159,64.4
12:22:28..255,64.18
12:22:28..366,63.95
12:22:28..464,63.75
12:22:28..558,63.58
12:22:28..654,63.45
12:22:28..766,63.35
12:22:28..864,63.25
12:22:28..958,63.19
12:22:29..050,63.11
12:22:29..166,63.02
12:22:29..261,62.93
12:22:29..358,62.84
12:22:29..455,62.75
12:22:29..566,62.66
12:22:29..662,62.6
12:22:29..757,62.57
12:22:29..854,62.55
12:22:29..966,62.55
12:22:30..063,62.59
12:22:30..158,62.67
12:22:30..254,62.76
12:22:30..366,62.81
12:22:30..462,62.82
12:22:30..558,62.79
12:22:30..655,62.71
12:22:30..767,62.6
12:22:30..861,62.48
12:22:30..960,62.36
12:22:31..056,62.22
12:22:31..166,62.08
12:22:31..263,61.96
12:22:31..358,61.9
12:22:31..454,61.89
12:22:31..568,61.92
12:22:31..663,62
12:22:31..758,62.12
12:22:31..854,62.26
12:22:31..965,62.39
12:22:32..063,62.52
12:22:32..158,62.63
12:22:32..254,62.7
12:22:32..365,62.76
12:22:32..462,62.8
12:22:32..558,62.78
12:22:32..656,62.72
12:22:32..767,62.64
12:22:32..862,62.56
12:22:32..959,62.48
12:22:33..054,62.43
12:22:33..166,62.41
12:22:33..263,62.43
12:22:33..388,62.47
12:22:33..455,62.5
12:22:33..563,62.54
12:22:33..661,62.61
12:22:33..759,62.65
12:22:33..855,62.68
12:22:33..966,62.69
12:22:34..064,62.71
12:22:34..158,62.72
12:22:34..253,62.72
12:22:34..367,62.71
12:22:34..461,62.67
12:22:34..558,62.62
12:22:34..653,62.55
12:22:34..766,62.46
12:22:34..863,62.41
12:22:34..960,62.36
12:22:35..055,62.27
12:22:35..166,62.16
12:22:35..259,62.02
12:22:35..358,61.85
12:22:35..454,61.7
12:22:35..566,61.55
12:22:35..662,61.38
12:22:35..758,61.21
12:22:35..856,61
12:22:35..966,60.75
12:22:36..063,60.52
12:22:36..157,60.28
12:22:36..255,60.05
12:22:36..369,59.86
12:22:36..464,59.71
12:22:36..559,59.61
12:22:36..655,59.6
12:22:36..766,59.64
12:22:36..862,59.73
12:22:36..957,59.86
12:22:37..053,60.01
12:22:37..166,60.2
12:22:37..262,60.4
12:22:37..359,60.6
12:22:37..454,60.8
12:22:37..562,60.96
12:22:37..657,61.06
12:22:37..757,61.11
12:22:37..851,61.12
12:22:37..964,61.14
12:22:38..061,61.15
12:22:38..159,61.15
12:22:38..256,61.13
12:22:38..365,61.09
12:22:38..462,61.03
12:22:38..559,61.02
12:22:38..655,61.02
12:22:38..766,61.04
12:22:38..862,61.08
12:22:38..977,61.1
12:22:39..053,61.16
12:22:39..166,61.22
12:22:39..262,61.29
12:22:39..359,61.4
12:22:39..453,61.51
12:22:39..568,61.57
12:22:39..663,61.64
12:22:39..758,61.72
12:22:39..855,61.81
12:22:39..967,61.87
12:22:40..064,61.91
12:22:40..160,61.94
12:22:40..256,61.97
12:22:40..366,62.01
12:22:40..461,62.05
12:22:40..558,62.09
12:22:40..653,62.12
12:22:40..766,62.11
12:22:40..862,62.1
12:22:40..959,62.12
12:22:41..054,62.12
12:22:41..166,62.13
12:22:41..262,62.12
12:22:41..358,62.09
12:22:41..454,62.06
12:22:41..566,62.04
12:22:41..662,62.03
12:22:41..759,62.06
12:22:41..855,62.1
12:22:41..967,62.13
12:22:42..060,62.19
12:22:42..159,62.24
12:22:42..255,62.33
12:22:42..367,62.45
12:22:42..462,62.58
12:22:42..558,62.69
12:22:42..653,62.81
12:22:42..767,62.93
12:22:42..862,63.03
12:22:42..958,63.1
12:22:43..053,63.18
12:22:43..166,63.26
12:22:43..266,63.32
12:22:43..358,63.35
12:22:43..456,63.38
12:22:43..566,63.4
12:22:43..662,63.4
12:22:43..757,63.37
12:22:43..855,63.34
12:22:43..966,63.32
12:22:44..062,63.28
12:22:44..158,63.21
12:22:44..255,63.12
12:22:44..367,63.02
12:22:44..462,62.92
12:22:44..579,62.82
12:22:44..654,62.73
12:22:44..765,62.66
12:22:44..862,62.57
12:22:44..958,62.51
12:22:45..054,62.45
12:22:45..166,62.41
12:22:45..261,62.39
12:22:45..359,62.37
12:22:45..457,62.38
12:22:45..566,62.41
12:22:45..663,62.4
12:22:45..759,62.38
12:22:45..855,62.34
12:22:45..966,62.24
12:22:46..063,62.1
12:22:46..160,61.95
12:22:46..254,61.77
12:22:46..366,61.59
12:22:46..462,61.37
12:22:46..558,61.15
12:22:46..655,60.96
12:22:46..768,60.8
12:22:46..862,60.65
12:22:46..960,60.54
12:22:47..053,60.46
12:22:47..165,60.41
12:22:47..262,60.34
12:22:47..360,60.29
12:22:47..455,60.23
12:22:47..566,60.16
12:22:47..662,60.07
12:22:47..758,60
12:22:47..855,59.93
12:22:47..966,59.85
12:22:48..062,59.75
12:22:48..158,59.65
12:22:48..254,59.55
12:22:48..368,59.42
12:22:48..461,59.31
12:22:48..560,59.17
12:22:48..656,59.02
12:22:48..767,58.85
12:22:48..862,58.69
12:22:48..958,58.54
12:22:49..053,58.42
12:22:49..166,58.29
12:22:49..262,58.16
12:22:49..358,58.02
12:22:49..455,57.87
12:22:49..567,57.71
12:22:49..663,57.54
12:22:49..757,57.37
12:22:49..853,57.19
12:22:49..966,57
12:22:50..062,56.82
12:22:50..179,56.66
12:22:50..254,56.55
12:22:50..367,56.48
12:22:50..461,56.45
12:22:50..558,56.46
12:22:50..656,56.49
12:22:50..768,56.51
12:22:50..865,56.56
12:22:50..960,56.63
12:22:51..053,56.71
12:22:51..166,56.76
12:22:51..262,56.77
12:22:51..358,56.75
12:22:51..454,56.7
12:22:51..567,56.62
12:22:51..661,56.55
12:22:51..759,56.47
12:22:51..854,56.33
12:22:51..966,56.17
12:22:52..063,55.97
12:22:52..158,55.75
12:22:52..255,55.53
12:22:52..367,55.3
12:22:52..462,53.67
12:22:52..559,52.06
12:22:52..655,50.49
12:22:52..767,48.99
12:22:52..861,47.59
12:22:52..959,46.25
12:22:53..054,44.96
12:22:53..167,43.74
12:22:53..263,42.57
12:22:53..358,41.45
12:22:53..453,41.74
12:22:53..566,42.03
12:22:53..662,42.26
12:22:53..754,42.46
12:22:53..854,42.59
12:22:53..964,42.66
12:22:54..062,42.68
12:22:54..157,42.65
12:22:54..253,42.58
12:22:54..367,42.48
12:22:54..462,42.36
12:22:54..558,42.24
12:22:54..653,42.14
12:22:54..767,42.06
12:22:54..863,42.03
12:22:54..958,42
12:22:55..052,41.99
12:22:55..165,41.98
12:22:55..261,41.97
12:22:55..358,41.99
12:22:55..454,42.05
12:22:55..566,42.13
12:22:55..664,42.21
12:22:55..759,42.27
12:22:55..854,42.33
12:22:55..966,42.42
12:22:56..062,42.52
12:22:56..159,42.66
12:22:56..256,42.83
12:22:56..366,42.98
12:22:56..462,43.13
12:22:56..558,43.26
12:22:56..654,43.4
12:22:56..766,43.52
12:22:56..862,43.62
12:22:56..958,43.71
12:22:57..055,43.79
12:22:57..167,43.85
12:22:57..262,43.89
12:22:57..359,43.93
12:22:57..454,43.98
12:22:57..567,44.03
12:22:57..662,44.09
12:22:57..758,44.18
12:22:57..855,44.31
12:22:57..967,44.43
12:22:58..061,44.6
12:22:58..160,44.78
12:22:58..256,44.98
12:22:58..366,45.22
12:22:58..461,45.47
12:22:58..559,45.72
12:22:58..654,45.99
12:22:58..768,46.23
12:22:58..863,46.44
12:22:58..958,46.64
12:22:59..055,46.82
12:22:59..167,46.98
12:22:59..262,47.12
12:22:59..358,47.18
12:22:59..453,47.21
12:22:59..566,47.22
12:22:59..663,47.24
12:22:59..759,47.25
12:22:59..855,47.28
12:22:59..967,47.36
12:23:00..061,47.45
12:23:00..158,47.57
12:23:00..254,47.73
12:23:00..366,47.9
12:23:00..462,48.11
12:23:00..560,48.3
12:23:00..658,48.5
12:23:00..763,48.71
12:23:00..862,48.94
12:23:00..958,49.14
12:23:01..054,49.35
12:23:01..166,49.55
12:23:01..262,49.73
12:23:01..360,49.93
12:23:01..455,50.12
12:23:01..567,50.29
12:23:01..662,50.42
12:23:01..758,50.54
12:23:01..855,50.65
12:23:01..967,50.73
12:23:02..062,50.79
12:23:02..159,50.86
12:23:02..253,50.94
12:23:02..366,51.06
12:23:02..462,51.21
12:23:02..560,51.37
12:23:02..654,51.56
12:23:02..766,51.75
12:23:02..862,51.93
12:23:02..959,52.09
12:23:03..055,52.22
12:23:03..166,52.28
12:23:03..261,52.28
12:23:03..359,52.18
12:23:03..454,52.03
12:23:03..566,51.83
12:23:03..663,51.58
12:23:03..760,51.31
12:23:03..855,51
12:23:03..965,50.72
12:23:04..062,50.48
12:23:04..158,50.28
12:23:04..254,50.16
12:23:04..367,50.09
12:23:04..462,50.03
12:23:04..558,50.02
12:23:04..654,50.04
12:23:04..767,50.06
12:23:04..862,50.09
12:23:04..959,50.11
12:23:05..054,50.13
12:23:05..167,50.16
12:23:05..262,50.11
12:23:05..354,50.05
12:23:05..453,49.96
12:23:05..566,49.83
12:23:05..664,49.7
12:23:05..758,49.64
12:23:05..855,49.55
12:23:05..968,49.46
12:23:06..062,49.37
12:23:06..158,49.26
12:23:06..254,49.21
12:23:06..367,49.19
12:23:06..462,49.21
12:23:06..559,49.28
12:23:06..655,49.36
12:23:06..766,49.41
12:23:06..864,49.52
12:23:06..958,49.69
12:23:07..055,49.86
12:23:07..166,50.07
12:23:07..262,50.27
12:23:07..359,50.45
12:23:07..456,50.64
12:23:07..567,50.81
12:23:07..663,50.98
12:23:07..759,51.11
12:23:07..855,51.21
12:23:07..966,51.27
12:23:08..064,51.31
12:23:08..158,51.29
12:23:08..254,51.24
12:23:08..366,51.22
12:23:08..461,51.18
12:23:08..559,51.16
12:23:08..655,51.12
12:23:08..766,51.08
12:23:08..862,51.04
12:23:08..958,50.97
12:23:09..054,50.93
12:23:09..168,50.92
12:23:09..261,50.96
12:23:09..358,51.04
12:23:09..454,51.14
12:23:09..567,51.26
12:23:09..662,51.45
12:23:09..760,51.69
12:23:09..854,53.36
12:23:09..967,55.05
12:23:10..056,56.71
12:23:10..158,58.33
12:23:10..254,59.93
12:23:10..367,61.45
12:23:10..461,62.92
12:23:10..557,64.31
12:23:10..655,65.63
12:23:10..766,66.86
12:23:10..863,66.61
12:23:10..959,66.31
12:23:11..055,65.99
12:23:11..165,65.63
12:23:11..262,65.23
12:23:11..359,64.79
12:23:11..485,64.37
12:23:11..568,63.94
12:23:11..662,63.54
12:23:11..759,63.19
12:23:11..854,62.88
12:23:11..968,62.62
12:23:12..062,62.4
12:23:12..158,62.25
12:23:12..254,62.15
12:23:12..367,62.1
12:23:12..462,62.06
12:23:12..559,62.05
12:23:12..654,62.01
12:23:12..766,61.92
12:23:12..862,61.82
12:23:12..958,61.68
12:23:13..055,61.51
12:23:13..169,61.27
12:23:13..262,61.01
12:23:13..359,60.72
12:23:13..455,60.42
12:23:13..567,60.09
12:23:13..664,59.77
12:23:13..758,59.47
12:23:13..855,59.18
12:23:13..965,58.87
12:23:14..064,58.57
12:23:14..158,58.31
12:23:14..254,58.04
12:23:14..365,57.79
12:23:14..461,57.55
12:23:14..559,57.35
12:23:14..654,57.19
12:23:14..766,57.03
12:23:14..862,56.89
12:23:14..960,56.76
12:23:15..054,56.66
12:23:15..168,56.57
12:23:15..263,56.48
12:23:15..360,56.41
12:23:15..454,56.33
12:23:15..566,56.25
12:23:15..661,56.17
12:23:15..753,56.07
12:23:15..849,55.99
12:23:15..966,55.91
12:23:16..059,55.83
12:23:16..158,55.75
12:23:16..248,55.66
12:23:16..362,55.57
12:23:16..458,55.5
12:23:16..558,55.43
12:23:16..654,55.34
12:23:16..766,55.3
12:23:16..860,55.25
12:23:16..956,55.22
12:23:17..053,55.2
12:23:17..163,55.19
12:23:17..256,55.19
12:23:17..357,55.22
12:23:17..454,55.27
12:23:17..565,55.34
12:23:17..662,55.43
12:23:17..753,55.52
12:23:17..849,55.62
12:23:17..961,55.74
12:23:18..059,55.87
12:23:18..158,56
12:23:18..254,56.12
12:23:18..365,56.22
12:23:18..464,56.28
12:23:18..558,56.32
12:23:18..655,56.36
12:23:18..766,56.38
12:23:18..863,56.38
12:23:18..960,56.35
12:23:19..056,56.33
12:23:19..168,56.3
12:23:19..263,56.27
12:23:19..357,56.25
12:23:19..455,56.24
12:23:19..565,56.23
12:23:19..664,56.22
12:23:19..758,56.25
12:23:19..856,56.26
12:23:19..966,56.31
12:23:20..062,56.37
12:23:20..158,56.48
12:23:20..255,56.6
12:23:20..366,56.74
12:23:20..462,56.89
12:23:20..558,57.07
12:23:20..656,57.3
12:23:20..767,57.52
12:23:20..861,57.75
12:23:20..959,57.96
12:23:21..054,58.17
12:23:21..167,58.34
12:23:21..262,58.5
12:23:21..359,58.63
12:23:21..455,58.71
12:23:21..567,58.76
12:23:21..663,58.74
12:23:21..758,58.72
12:23:21..855,58.7
12:23:21..967,58.71
12:23:22..062,58.74
12:23:22..162,58.79
12:23:22..255,58.85
12:23:22..366,58.92
12:23:22..463,58.98
12:23:22..560,59.05
12:23:22..654,59.11
12:23:22..760,59.18
12:23:22..865,59.22
12:23:22..958,59.21
12:23:23..055,59.19
12:23:23..166,59.14
12:23:23..263,59.09
12:23:23..358,59.01
12:23:23..455,58.99
12:23:23..566,58.95
12:23:23..662,57.52
12:23:23..757,56.09
12:23:23..854,54.7
12:23:23..965,53.33
12:23:24..061,51.98
12:23:24..158,50.64
12:23:24..255,49.3
12:23:24..365,47.99
12:23:24..463,46.71
12:23:24..559,45.49
12:23:24..655,45.71
12:23:24..768,45.94
12:23:24..862,46.18
12:23:24..957,46.42
12:23:25..053,46.66
12:23:25..167,46.91
12:23:25..263,47.2
12:23:25..357,47.53
12:23:25..454,47.85
12:23:25..567,48.14
12:23:25..663,48.42
12:23:25..758,48.72
12:23:25..855,49.02
12:23:25..967,49.32
12:23:26..063,49.61
12:23:26..154,49.92
12:23:26..253,50.21
12:23:26..365,50.47
12:23:26..462,50.72
12:23:26..558,50.94
12:23:26..656,51.15
12:23:26..768,51.3
12:23:26..862,51.44
12:23:26..958,51.54
12:23:27..054,51.64
12:23:27..194,51.7
12:23:27..262,51.75
12:23:27..359,51.78
12:23:27..454,51.81
12:23:27..566,51.85
12:23:27..661,51.9
12:23:27..758,51.97
12:23:27..855,52.04
12:23:27..965,52.13
12:23:28..063,52.23
12:23:28..158,52.36
12:23:28..254,52.47
12:23:28..366,52.58
12:23:28..463,52.66
12:23:28..558,52.74
12:23:28..654,52.81
12:23:28..766,52.85
12:23:28..863,52.88
12:23:28..959,52.88
12:23:29..056,52.87
12:23:29..167,52.83
12:23:29..262,52.79
12:23:29..358,52.77
12:23:29..454,52.74
12:23:29..568,52.73
12:23:29..662,52.72
12:23:29..758,52.76
12:23:29..856,52.81
12:23:29..966,52.89
12:23:30..063,52.93
12:23:30..158,53.02
12:23:30..256,53.1
12:23:30..367,53.18
12:23:30..463,53.26
12:23:30..559,53.36
12:23:30..655,53.49
12:23:30..766,53.63
12:23:30..863,53.78
12:23:30..958,53.93
12:23:31..057,54.11
12:23:31..166,54.25
12:23:31..262,54.4
12:23:31..358,54.56
12:23:31..454,54.71
12:23:31..565,54.81
12:23:31..662,54.87
12:23:31..757,54.87
12:23:31..855,54.82
12:23:31..966,54.74
12:23:32..065,54.62
12:23:32..158,54.46
12:23:32..254,54.28
12:23:32..367,54.07
12:23:32..462,53.84
12:23:32..559,53.57
12:23:32..655,53.29
12:23:32..798,53.03
12:23:32..863,52.78
12:23:32..952,52.53
12:23:33..055,52.28
12:23:33..167,52.05
12:23:33..262,51.86
12:23:33..379,51.69
12:23:33..456,51.57
12:23:33..566,51.49
12:23:33..663,51.47
12:23:33..762,51.47
12:23:33..854,51.47
12:23:33..966,51.5
12:23:34..062,51.56
12:23:34..158,51.62
12:23:34..254,51.64
12:23:34..366,51.64
12:23:34..462,51.6
12:23:34..558,51.53
12:23:34..656,51.42
12:23:34..766,51.3
12:23:34..862,51.2
12:23:34..959,51.11
12:23:35..056,51.03
12:23:35..165,50.99
12:23:35..263,50.95
12:23:35..358,50.94
12:23:35..456,50.97
12:23:35..566,51.02
12:23:35..662,51.08
12:23:35..758,51.16
12:23:35..856,51.21
12:23:35..967,51.29
12:23:36..062,51.35
12:23:36..159,51.42
12:23:36..254,51.52
12:23:36..366,51.59
12:23:36..462,51.63
12:23:36..554,51.68
12:23:36..654,51.72
12:23:36..766,51.74
12:23:36..864,51.74
12:23:36..959,51.73
12:23:37..056,51.66
12:23:37..165,51.57
12:23:37..265,51.45
12:23:37..358,51.31
12:23:37..454,51.17
12:23:37..566,51.02
12:23:37..662,50.89
12:23:37..757,50.78
12:23:37..856,50.73
12:23:37..966,50.67
12:23:38..064,50.67
12:23:38..153,50.69
12:23:38..249,50.72
12:23:38..385,50.8
12:23:38..462,50.89
12:23:38..554,50.97
12:23:38..649,51.02
12:23:38..767,51.07
12:23:38..862,51.08
12:23:38..958,51.09
12:23:39..055,51.1
12:23:39..168,51.11
12:23:39..262,51.13
12:23:39..358,51.14
12:23:39..454,51.17
12:23:39..566,51.24
12:23:39..664,51.36
12:23:39..758,51.5
12:23:39..849,51.63
12:23:39..968,51.76
12:23:40..063,51.89
12:23:40..160,52.02
12:23:40..254,52.14
12:23:40..365,52.25
12:23:40..462,52.32
12:23:40..557,52.38
12:23:40..654,52.39
12:23:40..765,52.41
12:23:40..863,52.43
12:23:40..957,52.46
12:23:41..055,52.49
12:23:41..166,52.53
12:23:41..262,52.55
12:23:41..360,52.58
12:23:41..455,52.63
12:23:41..567,52.68
12:23:41..663,52.71
12:23:41..756,52.72
12:23:41..854,52.71
12:23:41..966,52.71
12:23:42..062,52.73
12:23:42..159,52.77
12:23:42..255,52.83
12:23:42..366,52.9
12:23:42..462,52.96
12:23:42..558,53.01
12:23:42..654,53.07
12:23:42..765,53.12
12:23:42..862,53.19
12:23:42..960,53.24
12:23:43..055,53.28
12:23:43..165,53.28
12:23:43..259,53.29
12:23:43..359,53.36
12:23:43..454,53.45
12:23:43..566,53.57
12:23:43..662,53.7
12:23:43..758,53.88
12:23:43..855,54.05
12:23:43..984,54.26
12:23:44..062,54.48
12:23:44..160,54.71
12:23:44..255,54.92
12:23:44..366,55.11
12:23:44..463,55.3
12:23:44..558,55.49
12:23:44..655,55.69
12:23:44..768,55.86
12:23:44..863,56.04
12:23:44..959,56.19
12:23:45..055,56.33
12:23:45..166,56.45
12:23:45..264,56.57
12:23:45..359,56.68
12:23:45..456,56.8
12:23:45..566,56.92
12:23:45..662,57.06
12:23:45..758,57.23
12:23:45..855,57.41
12:23:45..966,57.61
12:23:46..062,57.81
12:23:46..160,58.03
12:23:46..255,58.25
12:23:46..366,58.43
12:23:46..462,58.57
12:23:46..558,58.68
12:23:46..654,58.76
12:23:46..765,58.78
12:23:46..861,58.78
12:23:46..959,58.75
12:23:47..054,58.7
12:23:47..166,58.63
12:23:47..263,58.54
12:23:47..359,58.47
12:23:47..456,58.4
12:23:47..568,58.32
12:23:47..663,58.23
12:23:47..757,58.17
12:23:47..855,58.1
12:23:47..966,58.04
12:23:48..063,57.97
12:23:48..159,57.92
12:23:48..254,57.9
12:23:48..366,57.88
12:23:48..462,57.91
12:23:48..558,57.98
12:23:48..656,58.09
12:23:48..767,58.21
12:23:48..862,58.34
12:23:48..958,58.52
12:23:49..055,58.72
12:23:49..166,58.94
12:23:49..261,59.16
12:23:49..358,59.38
12:23:49..455,59.6
12:23:49..592,59.8
12:23:49..662,59.96
12:23:49..759,60.12
12:23:49..855,60.31
12:23:49..968,60.5
12:23:50..062,60.69
12:23:50..160,60.86
12:23:50..254,61.01
12:23:50..366,61.16
12:23:50..461,61.29
12:23:50..558,61.42
12:23:50..655,61.53
12:23:50..767,61.6
12:23:50..863,61.59
12:23:50..958,62.88
12:23:51..053,64.13
12:23:51..169,65.39
12:23:51..262,66.65
12:23:51..359,67.93
12:23:51..457,69.22
12:23:51..567,70.49
12:23:51..664,71.74
12:23:51..758,72.97
12:23:51..854,74.21
12:23:51..966,74.07
12:23:52..057,73.89
12:23:52..159,73.65
12:23:52..255,73.37
12:23:52..366,73.05
12:23:52..461,72.69
12:23:52..560,72.32
12:23:52..653,71.96
12:23:52..766,71.61
12:23:52..862,71.28
12:23:52..958,70.99
12:23:53..054,70.75
12:23:53..166,70.51
12:23:53..262,70.26
12:23:53..359,69.98
12:23:53..456,69.73
12:23:53..567,69.51
12:23:53..664,69.34
12:23:53..759,69.21
12:23:53..854,69.11
12:23:53..966,69.03
12:23:54..064,69.01
12:23:54..158,69.05
12:23:54..254,69.14
12:23:54..366,69.24
12:23:54..461,69.33
12:23:54..559,69.37
12:23:54..654,69.37
12:23:54..767,69.34
12:23:54..862,69.26
12:23:54..959,69.14
12:23:55..053,68.95
12:23:55..190,68.68
12:23:55..262,68.36
12:23:55..360,68.02
12:23:55..453,67.64
12:23:55..566,67.23
12:23:55..662,66.83
12:23:55..759,66.43
12:23:55..855,66.07
12:23:55..966,65.74
12:23:56..062,65.49
12:23:56..159,65.29
12:23:56..253,65.14
12:23:56..367,65.04
12:23:56..461,64.98
12:23:56..558,64.97
12:23:56..654,64.98
12:23:56..767,65.02
12:23:56..863,65.05
12:23:56..959,65.1
12:23:57..058,65.1
12:23:57..167,65.07
12:23:57..262,63.62
12:23:57..358,62.16
12:23:57..453,60.72
12:23:57..566,59.31
12:23:57..662,57.97
12:23:57..758,56.67
12:23:57..855,55.42
12:23:57..967,54.19
12:23:58..062,53.02
12:23:58..159,51.92
12:23:58..255,52.3
12:23:58..367,52.73
12:23:58..462,53.17
12:23:58..556,53.6
12:23:58..655,53.98
12:23:58..766,54.33
12:23:58..863,54.67
12:23:58..958,54.96
12:23:59..053,55.21
12:23:59..168,55.45
12:23:59..262,55.62
12:23:59..359,55.75
12:23:59..454,55.86
12:23:59..567,55.98
12:23:59..663,56.12
12:23:59..759,56.28
12:23:59..854,56.41
12:23:59..965,56.56
12:24:00..062,56.73
12:24:00..163,56.9
12:24:00..260,57.1
12:24:00..368,57.29
12:24:00..462,57.48
12:24:00..559,57.67
12:24:00..652,57.86
12:24:00..778,58.04
12:24:00..862,58.22
12:24:00..959,58.43
12:24:01..054,58.64
12:24:01..166,58.84
12:24:01..261,59.05
12:24:01..359,59.31
12:24:01..454,58.22
12:24:01..566,57.17
12:24:01..662,56.13
12:24:01..758,55.07
12:24:01..871,54.02
12:24:01..966,52.97
12:24:02..062,51.92
12:24:02..159,50.91
12:24:02..270,49.93
12:24:02..366,48.93
12:24:02..458,49.34
12:24:02..558,49.73
12:24:02..669,50.12
12:24:02..766,50.49
12:24:02..864,50.86
12:24:02..958,51.17
12:24:03..054,51.46
12:24:03..166,51.71
12:24:03..262,51.91
12:24:03..359,52.1
12:24:03..456,52.27
12:24:03..567,52.4
12:24:03..664,52.55
12:24:03..758,52.72
12:24:03..854,52.91
12:24:03..964,53.13
12:24:04..062,53.37
12:24:04..159,53.64
12:24:04..254,53.96
12:24:04..362,54.27
12:24:04..460,54.58
12:24:04..560,54.85
12:24:04..671,55.1
12:24:04..766,55.32
12:24:04..862,55.51
12:24:04..958,55.66
12:24:05..071,55.77
12:24:05..166,55.84
12:24:05..263,55.87
12:24:05..358,55.92
12:24:05..471,55.98
12:24:05..566,56.1
12:24:05..661,56.25
12:24:05..755,56.43
12:24:05..870,56.64
12:24:05..961,56.89
12:24:06..059,57.18
12:24:06..158,57.48
12:24:06..251,57.78
12:24:06..367,58.02
12:24:06..457,58.22
12:24:06..554,58.37
12:24:06..648,58.5
12:24:06..761,58.59
12:24:06..862,58.63
12:24:06..955,58.62
12:24:07..053,58.59
12:24:07..169,58.55
12:24:07..258,58.51
12:24:07..354,58.49
12:24:07..468,58.47
12:24:07..567,58.46
12:24:07..661,58.47
12:24:07..753,58.49
12:24:07..870,58.56
12:24:07..966,58.68
12:24:08..056,58.8
12:24:08..157,58.96
12:24:08..265,59.12
12:24:08..366,59.29
12:24:08..462,59.47
12:24:08..560,59.67
12:24:08..648,59.87
12:24:08..761,60.04
12:24:08..856,60.18
12:24:08..959,60.27
12:24:09..049,60.39
12:24:09..161,60.48
12:24:09..262,60.55
12:24:09..359,60.59
12:24:09..455,60.59
12:24:09..566,60.57
12:24:09..662,60.52
12:24:09..753,60.47
12:24:09..848,60.42
12:24:09..961,60.34
12:24:10..062,60.19
12:24:10..153,60.02
12:24:10..265,59.82
12:24:10..363,59.63
12:24:10..457,59.49
12:24:10..555,59.37
12:24:10..667,59.25
12:24:10..762,59.15
12:24:10..857,59.07
12:24:10..954,59.04
12:24:11..065,59.02
12:24:11..162,59
12:24:11..258,58.99
12:24:11..354,58.96
12:24:11..470,58.85
12:24:11..561,58.67
12:24:11..657,58.43
12:24:11..753,58.17
12:24:11..871,57.87
12:24:11..966,57.55
12:24:12..059,57.24
12:24:12..154,56.98
12:24:12..249,56.72
12:24:12..361,56.48
12:24:12..457,56.28
12:24:12..559,56.11
12:24:12..666,55.97
12:24:12..765,55.85
12:24:12..856,55.77
12:24:12..954,55.7
12:24:13..069,55.66
12:24:13..165,55.6
12:24:13..258,55.58
12:24:13..355,55.57
12:24:13..465,55.55
12:24:13..561,55.53
12:24:13..661,55.51
12:24:13..754,55.46
12:24:13..864,55.39
12:24:13..966,55.28
12:24:14..061,55.11
12:24:14..157,54.9
12:24:14..269,54.65
12:24:14..366,54.37
12:24:14..456,54.1
12:24:14..557,53.81
12:24:14..649,53.56
12:24:14..761,53.33
12:24:14..858,53.1
12:24:14..954,52.92
12:24:15..068,52.78
12:24:15..166,52.66
12:24:15..257,52.56
12:24:15..353,52.52
12:24:15..464,52.5
12:24:15..566,52.55
12:24:15..657,52.65
12:24:15..758,52.8
12:24:15..871,52.97
12:24:15..966,53.15
12:24:16..061,53.35
12:24:16..153,53.59
12:24:16..269,53.84
12:24:16..366,54.1
12:24:16..457,54.36
12:24:16..558,54.6
12:24:16..669,54.81
12:24:16..770,54.97
12:24:16..861,55.11
12:24:16..958,55.22
12:24:17..069,55.31
12:24:17..167,55.36
12:24:17..270,55.38
12:24:17..358,55.39
12:24:17..454,55.39
12:24:17..567,55.4
12:24:17..662,55.44
12:24:17..759,55.49
12:24:17..865,55.59
12:24:17..961,55.72
12:24:18..058,55.89
12:24:18..153,56.1
12:24:18..264,56.32
12:24:18..360,56.56
12:24:18..459,56.77
12:24:18..554,56.96
12:24:18..668,57.11
12:24:18..761,57.25
12:24:18..856,57.33
12:24:18..955,57.39
12:24:19..065,57.42
12:24:19..160,57.43
12:24:19..257,57.44
12:24:19..354,57.43
12:24:19..464,57.44
12:24:19..565,57.48
12:24:19..658,57.51
12:24:19..752,57.56
12:24:19..869,57.63
12:24:19..966,57.72
12:24:20..063,57.81
12:24:20..159,57.93
12:24:20..269,58.07
12:24:20..363,58.23
12:24:20..461,58.38
12:24:20..557,58.52
12:24:20..671,58.67
12:24:20..765,58.81
12:24:20..863,58.97
12:24:20..958,59.11
12:24:21..070,59.25
12:24:21..162,59.37
12:24:21..261,59.48
12:24:21..354,59.6
12:24:21..471,59.74
12:24:21..565,59.87
12:24:21..662,60.03
12:24:21..755,60.21
12:24:21..866,60.35
12:24:21..966,60.47
12:24:22..061,60.58
12:24:22..155,60.68
12:24:22..266,60.73
12:24:22..367,60.74
12:24:22..461,60.72
12:24:22..558,60.67
12:24:22..688,60.58
12:24:22..765,60.47
12:24:22..860,60.39
12:24:22..958,60.36
12:24:23..065,60.36
12:24:23..160,60.4
12:24:23..262,60.49
12:24:23..359,60.62
12:24:23..470,60.78
12:24:23..565,60.96
12:24:23..662,61.14
12:24:23..757,61.32
12:24:23..869,61.45
12:24:23..960,61.51
12:24:24..062,61.49
12:24:24..158,61.42
12:24:24..271,61.3
12:24:24..367,61.15
12:24:24..457,60.97
12:24:24..555,60.82
12:24:24..665,60.66
12:24:24..760,60.51
12:24:24..857,60.43
12:24:24..957,60.4
12:24:25..070,60.44
12:24:25..162,60.5
12:24:25..260,60.61
12:24:25..354,60.72
12:24:25..470,60.82
12:24:25..565,60.92
12:24:25..657,61.04
12:24:25..754,61.17
12:24:25..869,61.25
12:24:25..965,61.31
12:24:26..062,61.39
12:24:26..152,60.1
12:24:26..270,58.83
12:24:26..365,57.61
12:24:26..462,56.42
12:24:26..552,55.25
12:24:26..666,54.1
12:24:26..766,52.97
12:24:26..862,51.9
12:24:26..957,50.89
12:24:27..065,49.89
12:24:27..161,50.28
12:24:27..261,50.66
12:24:27..355,51.03
12:24:27..470,51.39
12:24:27..566,51.73
12:24:27..662,52.05
12:24:27..752,52.35
12:24:27..867,52.63
12:24:27..960,52.88
12:24:28..057,53.11
12:24:28..153,53.34
12:24:28..265,53.55
12:24:28..365,53.74
12:24:28..462,53.92
12:24:28..557,54.05
12:24:28..666,54.18
12:24:28..766,54.28
12:24:28..857,54.35
12:24:28..955,54.39
12:24:29..066,54.34
12:24:29..165,54.29
12:24:29..259,54.24
12:24:29..352,54.23
12:24:29..470,54.28
12:24:29..567,54.36
12:24:29..662,54.45
12:24:29..757,54.54
12:24:29..871,54.66
12:24:29..966,54.78
12:24:30..057,54.94
12:24:30..152,55.13
12:24:30..265,55.3
12:24:30..360,55.46
12:24:30..460,55.59
12:24:30..554,55.69
12:24:30..671,55.81
12:24:30..761,55.92
12:24:30..857,56
12:24:30..957,56.1
12:24:31..068,56.18
12:24:31..162,56.22
12:24:31..257,56.24
12:24:31..359,56.26
12:24:31..470,56.29
12:24:31..565,56.32
12:24:31..662,56.34
12:24:31..758,56.37
12:24:31..870,56.4
12:24:31..965,56.46
12:24:32..057,56.53
12:24:32..152,56.61
12:24:32..271,56.71
12:24:32..366,56.83
12:24:32..457,56.94
12:24:32..558,57.07
12:24:32..670,57.17
12:24:32..761,57.27
12:24:32..862,57.41
12:24:32..956,57.54
12:24:33..070,57.69
12:24:33..167,57.83
12:24:33..302,57.94
12:24:33..357,58.02
12:24:33..465,58.07
12:24:33..565,58.13
12:24:33..658,58.24
12:24:33..757,58.37
12:24:33..870,58.51
12:24:33..965,58.64
12:24:34..057,58.77
12:24:34..155,58.9
12:24:34..270,59.03
12:24:34..363,59.16
12:24:34..462,59.28
12:24:34..556,59.37
12:24:34..669,59.45
12:24:34..764,59.49
12:24:34..862,59.5
12:24:34..957,59.51
12:24:35..065,59.51
12:24:35..162,59.52
12:24:35..262,59.53
12:24:35..357,59.54
12:24:35..470,59.58
12:24:35..565,59.64
12:24:35..663,59.74
12:24:35..757,59.85
12:24:35..871,59.97
12:24:35..967,60.1
12:24:36..057,60.25
12:24:36..159,60.43
12:24:36..270,60.65
12:24:36..360,60.89
12:24:36..461,61.11
12:24:36..558,61.33
12:24:36..668,61.54
12:24:36..766,61.77
12:24:36..857,62.01
12:24:36..957,62.25
12:24:37..070,62.46
12:24:37..165,62.63
12:24:37..262,62.78
12:24:37..359,62.91
12:24:37..468,63.05
12:24:37..561,63.17
12:24:37..661,63.26
12:24:37..757,63.33
12:24:37..871,63.38
12:24:37..965,63.43
12:24:38..062,63.48
12:24:38..159,63.51
12:24:38..270,63.54
12:24:38..366,63.53
12:24:38..462,63.49
12:24:38..554,63.45
12:24:38..665,63.4
12:24:38..766,63.32
12:24:38..881,63.2
12:24:38..959,63.05
12:24:39..065,62.92
12:24:39..162,62.8
12:24:39..258,62.7
12:24:39..354,62.66
12:24:39..465,62.6
12:24:39..569,62.53
12:24:39..661,62.47
12:24:39..754,62.44
12:24:39..865,62.44
12:24:39..967,62.46
12:24:40..058,61.08
12:24:40..158,59.72
12:24:40..269,58.37
12:24:40..367,57.01
12:24:40..461,55.75
12:24:40..559,54.55
12:24:40..670,53.38
12:24:40..766,52.25
12:24:40..861,51.15
12:24:40..958,50.1
12:24:41..070,50.49
12:24:41..166,50.92
12:24:41..257,51.39
12:24:41..355,51.86
12:24:41..469,52.32
12:24:41..563,52.77
12:24:41..662,53.22
12:24:41..758,53.66
12:24:41..871,54.13
12:24:41..967,54.6
12:24:42..062,55.04
12:24:42..159,55.44
12:24:42..270,55.82
12:24:42..366,56.2
12:24:42..462,56.51
12:24:42..560,56.81
12:24:42..670,57.05
12:24:42..767,57.28
12:24:42..864,57.45
12:24:42..961,57.56
12:24:43..070,57.64
12:24:43..167,57.7
12:24:43..264,57.73
12:24:43..360,57.77
12:24:43..470,57.84
12:24:43..566,56.51
12:24:43..662,55.21
12:24:43..753,53.93
12:24:43..871,52.69
12:24:43..966,51.53
12:24:44..063,50.43
12:24:44..158,49.4
12:24:44..271,48.41
12:24:44..366,47.45
12:24:44..486,46.54
12:24:44..559,47.05
12:24:44..665,47.59
12:24:44..766,48.13
12:24:44..862,48.65
12:24:44..958,49.17
12:24:45..071,49.66
12:24:45..165,50.13
12:24:45..263,50.58
12:24:45..359,51.02
12:24:45..470,51.45
12:24:45..567,51.85
12:24:45..662,52.24
12:24:45..758,52.59
12:24:45..869,52.93
12:24:45..966,53.24
12:24:46..062,53.54
12:24:46..158,53.81
12:24:46..270,54.04
12:24:46..366,54.23
12:24:46..463,54.37
12:24:46..559,54.5
12:24:46..670,54.61
12:24:46..767,54.73
12:24:46..863,54.81
12:24:46..958,54.86
12:24:47..072,54.9
12:24:47..166,54.97
12:24:47..262,55.04
12:24:47..359,55.14
12:24:47..471,55.28
12:24:47..567,55.45
12:24:47..663,55.66
12:24:47..759,55.87
12:24:47..872,56.11
12:24:47..966,56.36
12:24:48..063,56.58
12:24:48..159,56.73
12:24:48..270,56.86
12:24:48..367,56.94
12:24:48..462,56.96
12:24:48..558,56.93
12:24:48..669,56.87
12:24:48..767,56.81
12:24:48..862,56.76
12:24:48..953,56.72
12:24:49..072,56.75
12:24:49..165,56.81
12:24:49..262,56.92
12:24:49..358,57.07
12:24:49..470,57.25
12:24:49..566,57.42
12:24:49..663,57.58
12:24:49..758,57.72
12:24:49..871,57.83
12:24:49..966,57.9
12:24:50..073,57.9
12:24:50..160,57.88
12:24:50..272,57.83
12:24:50..368,57.73
12:24:50..463,57.61
12:24:50..559,57.45
12:24:50..670,57.3
12:24:50..769,57.16
12:24:50..862,57.04
12:24:50..959,56.95
12:24:51..072,56.9
12:24:51..167,56.87
12:24:51..263,56.86
12:24:51..358,56.85
12:24:51..472,56.87
12:24:51..568,56.92
12:24:51..662,56.97
12:24:51..759,57.01
12:24:51..871,57.03
12:24:51..967,57.05
12:24:52..063,57.07
12:24:52..159,57.09
12:24:52..270,57.11
12:24:52..366,57.13
12:24:52..462,57.16
12:24:52..559,57.23
12:24:52..671,57.33
12:24:52..766,57.44
12:24:52..865,57.56
12:24:52..959,57.7
12:24:53..070,57.81
12:24:53..165,57.91
12:24:53..262,58.02
12:24:53..359,58.16
12:24:53..472,58.26
12:24:53..568,58.31
12:24:53..663,58.32
12:24:53..757,58.32
12:24:53..872,58.29
12:24:53..965,58.24
12:24:54..063,58.18
12:24:54..153,58.13
12:24:54..269,58.06
12:24:54..368,57.99
12:24:54..462,57.93
12:24:54..558,57.9
12:24:54..670,57.88
12:24:54..771,57.87
12:24:54..861,57.89
12:24:54..960,57.92
12:24:55..069,57.97
12:24:55..166,58
12:24:55..263,58.01
12:24:55..358,58.01
12:24:55..470,58
12:24:55..566,58
12:24:55..665,58.01
12:24:55..758,57.99
12:24:55..872,57.94
12:24:55..966,57.86
12:24:56..062,57.75
12:24:56..159,57.62
12:24:56..270,57.5
12:24:56..367,57.36
12:24:56..462,57.22
12:24:56..559,57.04
12:24:56..672,56.86
12:24:56..767,56.65
12:24:56..863,56.44
12:24:56..960,56.26
12:24:57..070,56.14
12:24:57..166,56.03
12:24:57..262,55.95
12:24:57..357,54.52
12:24:57..473,53.15
12:24:57..566,51.81
12:24:57..662,50.48
12:24:57..759,49.21
12:24:57..870,47.97
12:24:57..967,46.78
12:24:58..063,45.62
12:24:58..157,44.52
12:24:58..271,43.44
12:24:58..367,43.78
12:24:58..462,44.07
12:24:58..559,44.37
12:24:58..668,44.68
12:24:58..761,44.97
12:24:58..858,45.24
12:24:58..958,45.45
12:24:59..070,45.59
12:24:59..167,45.68
12:24:59..262,45.73
12:24:59..359,45.73
12:24:59..471,45.73
12:24:59..567,45.76
12:24:59..663,45.81
12:24:59..759,45.85
12:24:59..873,45.91
12:24:59..965,45.99
12:25:00..063,46.07
12:25:00..159,46.18
12:25:00..274,46.28
12:25:00..367,46.39
12:25:00..464,46.47
12:25:00..558,46.52
12:25:00..671,46.54
12:25:00..768,46.56
12:25:00..865,46.59
12:25:00..958,46.57
12:25:01..072,46.55
12:25:01..166,46.5
12:25:01..262,46.45
12:25:01..359,46.4
12:25:01..476,46.36
12:25:01..566,46.31
12:25:01..662,46.27
12:25:01..758,46.23
12:25:01..873,46.2
12:25:01..966,46.19
12:25:02..063,46.23
12:25:02..158,46.31
12:25:02..270,46.4
12:25:02..365,46.51
12:25:02..462,46.63
12:25:02..557,46.76
12:25:02..670,46.91
12:25:02..765,47.08
12:25:02..865,47.27
12:25:02..958,47.48
12:25:03..072,47.71
12:25:03..168,47.95
12:25:03..262,48.21
12:25:03..359,48.48
12:25:03..470,48.76
12:25:03..566,49.04
12:25:03..664,49.3
12:25:03..758,49.57
12:25:03..871,49.82
12:25:03..965,50.07
12:25:04..064,50.3
12:25:04..158,50.5
12:25:04..266,50.68
12:25:04..367,50.83
12:25:04..462,50.96
12:25:04..554,51.07
